Name,RecipeIngredientParts
Chocolate Chocolate Chip Pancakes,1
Go Patriots Meatballs,1
Green Onion Fritters,2
Lower Fat Reuben Bites,2
Dad's Tuna Melt Casserole,2
Hot Italian Cheesy Dip,3
Almond Amaretto Fudge,3
Pina Colada Sherbet,3
Bleu Cheese Bread,3
Chicken Casadillas,4
Kung Pao Shrimp,4
Spinach – Creamy Parmesan,4
Cyprus - Souvlakia - Pork Kebab,5
Garlic Chicken Nuggets,5
Bully Hill Coleslaw,5
Russian Omelet,5
Kabocha Salad,5
Smoked Turkey Cheese Ball,5
Low Fat Buffalo Chicken Tenders W/ Blue Cheese Dip,5
Da Best Butter Mochi,5
Key Lime Fruit Salad,5
Beef Cheese Ball,5
A Different Type of Chicken Wing,6
Sweet Potato Cakes,6
Paglia E Fieno,6
Bacon Spinach and Cream Potatoes,6
Mutt Meatballs,6
Barefoot Contessa's Mashed Potatoes,6
Mini Quiche,6
Mini Sausage Rolls,6
Cream of Artichoke Soup With Chervil and Fried Artichokes,6
Caramel Ice Cream Delight,6
Southwestern Pinwheels,6
Sesame Spaghetti Salad,6
Teriyaki Turkey Burgers,6
Roasted Garlic &amp; Spinach Spirals,6
Gnocchi Romana,7
Barefoot Contessa's Tequila Lime Chicken,7
Swedish Pancakes,7
Feta Cheese Ball,7
Baked Onions With Thyme,7
Veggie Cream Cheese Pizza,7
Texas Chili Powder - Bulk,7
Potato Salad With Green Onion and Mustard  Raspberry Vinaigrett,7
Barefoot Contessa's Sun-Dried Tomato Dip (Light Version),7
Cauliflower With Toasted Mustard Seeds,7
Skillet Herbed Cabbage,7
Mixed Bean Casserole,7
Barefoot Contessa's Parmesan Roasted Asparagus,8
Spicy Pulled Pork,8
Australian Seafood Platter,8
Mom's Simple Goulash,8
Wild Rice and Turkey Casserole,8
Cornbread &amp; Sausage Wheel,8
Easy Black Bean Soup,8
Amanda's Delicious Cilantro Potato Salad,8
"Scalloped, Not-Too-Cheesy Potatoes",8
Popping Pepper Packs,8
Crossing-Culture Chinese Hoisin Pizza,8
Lentil Rice Dish  (Mujadarah Arabic Dish),9
Garlicky Mushroom Pakoras,9
"Vegan Green Garden Puree (For Pizza, Lasagna or Pasta)",9
Wonder Salad,9
Fidget Pie,9
Baked Potato Soup,9
Cheesy Crab and Broccoli,9
Easy French Toast,9
Almond Cookies,9
Christmas Bread (Almond-Filled Challah),9
The Best Chocolate Chip Cookies Ever Recipe Courtesy George Dura,9
Quick Pasta Supper,10
Puff Pastry Toasted Sandwiches in Your Sandwich Maker!,10
Eastern Chicken Gravy With Rice,10
Italian Casserole (Rigatoni and Cheese With Tomato Sauce),10
Crock Pot Curried Split Pea Soup,10
Black and White Bean Chili,10
Stuffed Bell Pepper Soup,10
Corn and Bell Peppers Stuffed Zucchini,10
Spinach Salad With Poppy Seed Dressing,10
Baked French Toast Casserole,10
Tex-Mex Tostadas (Lower Fat),10
Harvest Pie,10
Lettuce-Wrapped Beef and Pepper Fajitas,10
Leek and Potato Tart,12
Mom's Dinner Salad,12
Barbecued Beef on Buns,12
Steak &amp; Pasta,12
Aubergine (Eggplant) Curry (2),12
Salmon Canapes,13
Vegetable-Barley Pot Pie / Pies,13
Heartwarming Beef-Barley Soup,13
Asian Turkey Salad,14
Leftover Holiday Ham &amp; Split Pea Soup,14
Spicy Bean Stew With Sausages,15
Diabetic Friendly Country Apricot Tart,15
Calcutta Style Beef Curry,15
Bulgarian Chushki Burek (Bulgarian Peppers Burek),17
Tuna Lasagna With  Italian Spiced White Sauce,18
"Beef Stew With Poblanos, Tomatillos, and Potatoes",18
Zooma's Spiced Pumpkin Cheesecake,22
