Name,Instructions
Asian Turkey Salad,2
Bully Hill Coleslaw,2
Mom's Dinner Salad,3
Go Patriots Meatballs,3
Veggie Cream Cheese Pizza,3
Spinach Salad With Poppy Seed Dressing,3
Barefoot Contessa's Sun-Dried Tomato Dip (Light Version),3
Da Best Butter Mochi,3
Key Lime Fruit Salad,3
Chicken Casadillas,4
Cyprus - Souvlakia - Pork Kebab,4
Mom's Simple Goulash,4
Black and White Bean Chili,4
Chocolate Chocolate Chip Pancakes,4
Spicy Bean Stew With Sausages,4
Aubergine (Eggplant) Curry (2),4
Cauliflower With Toasted Mustard Seeds,4
Heartwarming Beef-Barley Soup,4
Lower Fat Reuben Bites,4
Tex-Mex Tostadas (Lower Fat),4
The Best Chocolate Chip Cookies Ever Recipe Courtesy George Dura,4
Lentil Rice Dish  (Mujadarah Arabic Dish),5
Paglia E Fieno,5
Garlic Chicken Nuggets,5
Mini Quiche,5
Feta Cheese Ball,5
Russian Omelet,5
Easy Black Bean Soup,5
Almond Amaretto Fudge,5
Texas Chili Powder - Bulk,5
Teriyaki Turkey Burgers,5
Easy French Toast,5
Skillet Herbed Cabbage,5
Bleu Cheese Bread,5
Beef Cheese Ball,5
Garlicky Mushroom Pakoras,6
Puff Pastry Toasted Sandwiches in Your Sandwich Maker!,6
Spicy Pulled Pork,6
Kung Pao Shrimp,6
Mutt Meatballs,6
Salmon Canapes,6
Hot Italian Cheesy Dip,6
Stuffed Bell Pepper Soup,6
Spinach – Creamy Parmesan,6
Green Onion Fritters,6
Corn and Bell Peppers Stuffed Zucchini,6
Leftover Holiday Ham &amp; Split Pea Soup,6
Sesame Spaghetti Salad,6
Baked French Toast Casserole,6
Dad's Tuna Melt Casserole,6
"Beef Stew With Poblanos, Tomatillos, and Potatoes",6
Mixed Bean Casserole,6
A Different Type of Chicken Wing,7
Sweet Potato Cakes,7
Wonder Salad,7
Barefoot Contessa's Mashed Potatoes,7
Wild Rice and Turkey Casserole,7
Crock Pot Curried Split Pea Soup,7
Amanda's Delicious Cilantro Potato Salad,7
Smoked Turkey Cheese Ball,7
Potato Salad With Green Onion and Mustard  Raspberry Vinaigrett,7
Calcutta Style Beef Curry,7
Low Fat Buffalo Chicken Tenders W/ Blue Cheese Dip,7
Harvest Pie,7
Lettuce-Wrapped Beef and Pepper Fajitas,7
Barefoot Contessa's Parmesan Roasted Asparagus,8
Gnocchi Romana,8
Eastern Chicken Gravy With Rice,8
Swedish Pancakes,8
Caramel Ice Cream Delight,8
Southwestern Pinwheels,8
Kabocha Salad,8
Leek and Potato Tart,9
Australian Seafood Platter,9
Fidget Pie,9
Pina Colada Sherbet,9
Popping Pepper Packs,9
Crossing-Culture Chinese Hoisin Pizza,9
Bacon Spinach and Cream Potatoes,10
Mini Sausage Rolls,10
Italian Casserole (Rigatoni and Cheese With Tomato Sauce),10
Steak &amp; Pasta,10
"Vegan Green Garden Puree (For Pizza, Lasagna or Pasta)",11
Baked Potato Soup,11
Barbecued Beef on Buns,11
Christmas Bread (Almond-Filled Challah),11
Bulgarian Chushki Burek (Bulgarian Peppers Burek),11
Quick Pasta Supper,12
Barefoot Contessa's Tequila Lime Chicken,12
Cornbread &amp; Sausage Wheel,12
Baked Onions With Thyme,12
Cheesy Crab and Broccoli,13
"Scalloped, Not-Too-Cheesy Potatoes",13
Almond Cookies,14
Vegetable-Barley Pot Pie / Pies,15
Diabetic Friendly Country Apricot Tart,15
Roasted Garlic &amp; Spinach Spirals,15
Tuna Lasagna With  Italian Spiced White Sauce,17
Cream of Artichoke Soup With Chervil and Fried Artichokes,18
Zooma's Spiced Pumpkin Cheesecake,32
